{
  "schema": 1,
  "center": [
    -0.5429999828338623,
    0.5009999871253967,
    0.28200000524520874
  ],
  "half_extents": [
    0.2590000033378601,
    0.35100001096725464,
    0.3479999899864197
  ],
  "yaw_deg": -45.957000732421875,
  "pitch_deg": 0.0,
  "roll_deg": 0.0,
  "invert": false,
  "euler_deg_order": "ZYX",
  "note": "invert=false -> mask True keeps points inside the box; invert=true -> keep outside"
}
